{
  "version": 3,
  "configurePresets": [
    {
      "name": "Qt-Debug",
      "inherits": "Qt-Default",
      "binaryDir": "${sourceDir}/out/build",
      "cacheVariables": {
        "CMAKE_BUILD_TYPE": "Debug",
        "CMAKE_CXX_FLAGS": "-DQT_QML_DEBUG"
      }
    },
    {
      "name": "Qt-Release",
      "inherits": "Qt-Default",
      "binaryDir": "${sourceDir}/out/build",
      "cacheVariables": {
        "CMAKE_BUILD_TYPE": "Release"
      }
    },
    {
      "hidden": true,
      "name": "Qt-Default",
      "inherits": "6.7.0_msvc2019_64",
      "vendor": {
        "qt-project.org/Default": {
          "checksum": "/LIi1Qk9rOuZl7aAva45VvwngbI="
        }
      }
    },
    {
      "hidden": true,
      "name": "6.7.0_msvc2019_64",
      "inherits": "Qt",
      "environment": {
        "QTDIR": "C:/QT/6.7.0/MSVC2019_64"
      },
      "architecture": {
        "strategy": "external",
        "value": "x64"
      },
      "generator": "Ninja",
      "vendor": {
        "qt-project.org/Version": {
          "checksum": "F3AyT1wAz0yiCRgQ7CXagNdUd8c="
        }
      }
    },
    {
      "hidden": true,
      "name": "6.7.0_msvc2019_arm64",
      "inherits": "Qt",
      "environment": {
        "QTDIR": "C:/Qt/6.7.0/msvc2019_arm64"
      },
      "architecture": {
        "strategy": "external",
        "value": "arm64"
      },
      "generator": "Ninja",
      "vendor": {
        "qt-project.org/Version": {
          "checksum": "i3vgxNTu9a8kzb0A5WaLAhclMZU="
        }
      }
    }
  ],
  "vendor": {
    "qt-project.org/Presets": {
      "checksum": "eVowuRtAUHAwFVxQ7p/8aAfvpXQ="
    }
  }
}